Name,Mean,MeanLB,MeanUB,Stddev,StddevLB,StddevUB
"CPU/n=256, iter=4",0.5091141553130001,0.5053064557723701,0.5162514876574278,7.0678922221907615e-3,8.49710134689036e-5,8.42548947350279e-3
"CPU/n=256, iter=20",2.4496319054160267,2.437402173411101,2.4561842961702496,1.165028381409808e-2,2.3416713811457157e-3,1.5132098263144756e-2
"CPU/n=512, iter=20",28.810733280299853,28.74233903704832,28.868846505414695,7.097688641516009e-2,5.747562591614082e-2,8.151899123930871e-2
