Name,Mean,MeanLB,MeanUB,Stddev,StddevLB,StddevUB
"CPU/n=256, iter=4",0.5128482625974963,0.4958235586527735,0.5382563939783722,2.4519633613919713e-2,6.6520577578196086e-3,3.2664811863617964e-2
"CPU/n=256, iter=20",2.432811306168636,2.4206976684120796,2.4471631557680666,1.4479786359021843e-2,6.404729562637485e-3,2.0136135865281193e-2
"CPU/n=512, iter=20",28.704014227570344,28.665567201096565,28.731313959384956,3.825557840534684e-2,1.4409527803460165e-2,5.271414692457843e-2
