Name,Mean,MeanLB,MeanUB,Stddev,StddevLB,StddevUB
"CPU/n=256, iter=4",0.665108734741807,0.6350718745961785,0.683019170537591,2.9412685863044886e-2,9.950450621545315e-3,3.949456814057585e-2
"CPU/n=256, iter=20",3.1666997695186487,3.152515382040292,3.184863405302167,2.0057039705913556e-2,6.027993435661072e-3,2.579691245017212e-2
"CPU/n=512, iter=20",51.49721641885117,51.332484922371805,51.61331298109144,0.1725594781616242,0.10034250649229993,0.24264616663194677
