Name,Mean,MeanLB,MeanUB,Stddev,StddevLB,StddevUB
"CPU/n=256, iter=4",0.6720887686436375,0.6540333265438676,0.6905863769352436,2.288543087089566e-2,8.556784788672216e-3,3.1339767268391286e-2
"CPU/n=256, iter=20",3.1902447702984014,3.1580075250628092,3.2383819088960686,4.638533203968253e-2,1.25764993360276e-2,6.187222952277678e-2
"CPU/n=512, iter=20",51.353411268132426,51.12023192985604,51.62795485152552,0.27941593325790615,0.12787672877311707,0.39084528733282586
