Name,Mean,MeanLB,MeanUB,Stddev,StddevLB,StddevUB
"CPU/(Scalar Z [1000],1000)",0.1318986068368845,0.1270474008140376,0.13853100407868624,8.456423285890377e-3,5.735391625671983e-3,1.0768037472971193e-2
"CPU/(Scalar Z [1000],10000)",1.3067868009675294,1.295302264392376,1.3223017735872418,1.5241344377320163e-2,6.0459359985222064e-3,2.047646513420963e-2
"CPU/(Scalar Z [1000],100000)",13.193765909954285,13.141788065433502,13.24712383444421,5.743305959697477e-2,3.1607069075107574e-2,8.108751279150447e-2
"CPU/(Scalar Z [10000],1000)",12.01002732043465,11.993351581506431,12.032837928117564,2.1729697148714887e-2,1.0399526534296016e-2,2.7061134467717657e-2
"CPU/(Scalar Z [100000],10)",11.847284498702114,11.829183929599822,11.865385067804407,2.1923423093427315e-2,1.2371281782786347e-2,2.7516348039750956e-2
