Name,Mean,MeanLB,MeanUB,Stddev,StddevLB,StddevUB
"CPU/(Scalar Z [1000],1000)",0.14661321492270143,0.14395669993190538,0.1498983957177522,4.163572185307192e-3,2.930717065248907e-3,5.527515417538648e-3
"CPU/(Scalar Z [1000],10000)",1.4537566144329805,1.4336534434308608,1.4645261735034485,1.912843240825643e-2,1.1053926228500772e-3,2.3765838690702906e-2
"CPU/(Scalar Z [1000],100000)",15.007899785491949,14.811219949275255,15.123537033951532,0.15949812773590671,6.962493543202708e-2,0.22051432812435823
"CPU/(Scalar Z [10000],1000)",11.878262088944515,11.847532384718459,11.909764104833206,3.9386695177826975e-2,1.9292566304405234e-2,4.869007532971127e-2
"CPU/(Scalar Z [100000],10)",11.715470544916267,11.671822806354612,11.74167911770443,4.357824023923461e-2,1.9798339486187717e-2,6.0526106217289585e-2
