Name,Mean,MeanLB,MeanUB,Stddev,StddevLB,StddevUB
"CPU/(Scalar Z [1000],1000)",0.13077377827749365,0.12584245796315371,0.13888080984664458,9.627324249160117e-3,5.187211434924466e-3,1.3933104951320205e-2
"CPU/(Scalar Z [1000],10000)",1.3068879114774365,1.2812630869448185,1.3165504935507972,1.7525594938484716e-2,2.8082566956678656e-3,2.2314777444486567e-2
"CPU/(Scalar Z [1000],100000)",13.3481160554414,13.245284790794056,13.500342002138495,0.14370999176914578,9.727361019542607e-3,0.18063906311619915
"CPU/(Scalar Z [10000],1000)",12.283826851285994,12.262300593778491,12.305510100908577,2.732703480939531e-2,1.3299303129315376e-2,3.4356049782918986e-2
"CPU/(Scalar Z [100000],10)",12.118854771678647,12.104726248265555,12.132835830096155,1.674456755676604e-2,9.080817353957878e-3,2.3207054009660597e-2
