Name,Mean,MeanLB,MeanUB,Stddev,StddevLB,StddevUB
"CPU/(Scalar Z [1000],1000)",0.14837841540448318,0.14689502824275266,0.15202929097652235,3.194614728457234e-3,7.435785282920685e-4,4.738978223588788e-3
"CPU/(Scalar Z [1000],10000)",1.5313505140754085,1.5060157685851059,1.5736114565903943,4.2482320406993936e-2,1.6362582152068633e-2,5.831093495807993e-2
"CPU/(Scalar Z [1000],100000)",15.36484453532224,15.243073295801878,15.536821465473622,0.16286016199127692,7.851412623254866e-3,0.20250756014624074
"CPU/(Scalar Z [10000],1000)",12.056636862844849,11.971870799781755,12.108568063704297,8.070647939771158e-2,2.6198620752741597e-2,0.10522960283088684
"CPU/(Scalar Z [100000],10)",11.853488873767978,11.825868519333502,11.877834904162835,3.262110438952784e-2,1.1877915694534717e-2,4.4346833114143926e-2
